<?xml version="1.0" encoding="UTF-8"?>
<metadata>
  <groupId>io.grpc</groupId>
  <artifactId>grpc-api</artifactId>
  <versioning>
    <latest>1.32.1</latest>
    <release>1.32.1</release>
    <versions>
      <version>1.21.0</version>
      <version>1.21.1</version>
      <version>1.22.0</version>
      <version>1.22.1</version>
      <version>1.22.2</version>
      <version>1.22.3</version>
      <version>1.23.0</version>
      <version>1.23.1</version>
      <version>1.24.0</version>
      <version>1.24.1</version>
      <version>1.24.2</version>
      <version>1.25.0</version>
      <version>1.26.0</version>
      <version>1.26.1</version>
      <version>1.27.0</version>
      <version>1.27.1</version>
      <version>1.27.2</version>
      <version>1.28.0</version>
      <version>1.28.1</version>
      <version>1.29.0</version>
      <version>1.30.0-SNAPSHOT</version>
      <version>1.30.0</version>
      <version>1.30.1</version>
      <version>1.30.2</version>
      <version>1.31.0</version>
      <version>1.31.1</version>
      <version>1.32.1</version>
    </versions>
    <lastUpdated>20200910005939</lastUpdated>
  </versioning>
</metadata>
