<?xml version="1.0" encoding="UTF-8"?>
<metadata>
  <groupId>io.grpc</groupId>
  <artifactId>grpc-netty-shaded</artifactId>
  <versioning>
    <latest>1.34.1</latest>
    <release>1.34.1</release>
    <versions>
      <version>1.9.0</version>
      <version>1.9.1</version>
      <version>1.10.0</version>
      <version>1.10.1</version>
      <version>1.11.0</version>
      <version>1.12.0</version>
      <version>1.12.1</version>
      <version>1.13.1</version>
      <version>1.13.2</version>
      <version>1.14.0</version>
      <version>1.15.0</version>
      <version>1.15.1</version>
      <version>1.16.0</version>
      <version>1.16.1</version>
      <version>1.17.0</version>
      <version>1.17.1</version>
      <version>1.18.0</version>
      <version>1.19.0</version>
      <version>1.20.0</version>
      <version>1.21.0</version>
      <version>1.21.1</version>
      <version>1.22.0</version>
      <version>1.22.1</version>
      <version>1.22.2</version>
      <version>1.22.3</version>
      <version>1.23.0</version>
      <version>1.23.1</version>
      <version>1.24.0</version>
      <version>1.24.1</version>
      <version>1.24.2</version>
      <version>1.25.0</version>
      <version>1.26.0</version>
      <version>1.26.1</version>
      <version>1.27.0</version>
      <version>1.27.1</version>
      <version>1.27.2</version>
      <version>1.28.0</version>
      <version>1.28.1</version>
      <version>1.29.0</version>
      <version>1.30.0</version>
      <version>1.30.1</version>
      <version>1.30.2</version>
      <version>1.31.0</version>
      <version>1.31.1</version>
      <version>1.32.1</version>
      <version>1.32.2</version>
      <version>1.33.0</version>
      <version>1.33.1</version>
      <version>1.34.0</version>
      <version>1.34.1</version>
    </versions>
    <lastUpdated>20201215061158</lastUpdated>
  </versioning>
</metadata>
